{
	"players": [
		{
			"steamid": "76561198009353585",
			"communityvisibilitystate": 3,
			"profilestate": 1,
			"personaname": "fegemo",
			"lastlogoff": 1418585439,
			"profileurl": "http://steamcommunity.com/id/fegemo/",
			"avatar": "http://cdn.akamai.steamstatic.com/steamcommunity/public/images/avatars/ad/ad54ca6eab0beebbb107da9adce8fd894be54318.jpg",
			"avatarmedium": "http://cdn.akamai.steamstatic.com/steamcommunity/public/images/avatars/ad/ad54ca6eab0beebbb107da9adce8fd894be54318_medium.jpg",
			"avatarfull": "http://cdn.akamai.steamstatic.com/steamcommunity/public/images/avatars/ad/ad54ca6eab0beebbb107da9adce8fd894be54318_full.jpg",
			"personastate": 0,
			"realname": "Flávio Coutinho",
			"primaryclanid": "103582791430219021",
			"timecreated": 1240709084,
			"personastateflags": 0,
			"loccountrycode": "BR",
			"locstatecode": "15"
		},
		{
			"steamid": "76561198036476656",
			"communityvisibilitystate": 3,
			"profilestate": 1,
			"personaname": "Capiroto_Boy",
			"lastlogoff": 1417060299,
			"profileurl": "http://steamcommunity.com/id/Krovin/",
			"avatar": "http://cdn.akamai.steamstatic.com/steamcommunity/public/images/avatars/97/978c45dea4c94238a290f06bd74c3d94a08f9074.jpg",
			"avatarmedium": "http://cdn.akamai.steamstatic.com/steamcommunity/public/images/avatars/97/978c45dea4c94238a290f06bd74c3d94a08f9074_medium.jpg",
			"avatarfull": "http://cdn.akamai.steamstatic.com/steamcommunity/public/images/avatars/97/978c45dea4c94238a290f06bd74c3d94a08f9074_full.jpg",
			"personastate": 0,
			"realname": "Klelvin",
			"primaryclanid": "103582791429521408",
			"timecreated": 1294346572,
			"personastateflags": 0,
			"loccountrycode": "BR",
			"locstatecode": "15",
			"loccityid": 7341
		},
		{
			"steamid": "76561198027511798",
			"communityvisibilitystate": 3,
			"profilestate": 1,
			"personaname": "luizdamilton",
			"lastlogoff": 1358276119,
			"profileurl": "http://steamcommunity.com/id/luizdamilton/",
			"avatar": "http://cdn.akamai.steamstatic.com/steamcommunity/public/images/avatars/3a/3aeb78d5c5675e16f48898db9cb68abe4ede59ea.jpg",
			"avatarmedium": "http://cdn.akamai.steamstatic.com/steamcommunity/public/images/avatars/3a/3aeb78d5c5675e16f48898db9cb68abe4ede59ea_medium.jpg",
			"avatarfull": "http://cdn.akamai.steamstatic.com/steamcommunity/public/images/avatars/3a/3aeb78d5c5675e16f48898db9cb68abe4ede59ea_full.jpg",
			"personastate": 0,
			"realname": "Luiz Damilton",
			"primaryclanid": "103582791429521408",
			"timecreated": 1278648138,
			"personastateflags": 0
		},
		{
			"steamid": "76561197960435530",
			"communityvisibilitystate": 3,
			"profilestate": 1,
			"personaname": "Robin",
			"lastlogoff": 1418642354,
			"profileurl": "http://steamcommunity.com/id/robinwalker/",
			"avatar": "http://cdn.akamai.steamstatic.com/steamcommunity/public/images/avatars/f1/f1dd60a188883caf82d0cbfccfe6aba0af1732d4.jpg",
			"avatarmedium": "http://cdn.akamai.steamstatic.com/steamcommunity/public/images/avatars/f1/f1dd60a188883caf82d0cbfccfe6aba0af1732d4_medium.jpg",
			"avatarfull": "http://cdn.akamai.steamstatic.com/steamcommunity/public/images/avatars/f1/f1dd60a188883caf82d0cbfccfe6aba0af1732d4_full.jpg",
			"personastate": 0,
			"realname": "Robin Walker",
			"primaryclanid": "103582791429521412",
			"timecreated": 1063407589,
			"personastateflags": 0,
			"loccountrycode": "US",
			"locstatecode": "WA",
			"loccityid": 3961
		},
		{
			"steamid": "76561197996082809",
			"communityvisibilitystate": 3,
			"profilestate": 1,
			"personaname": "Cacilds",
			"lastlogoff": 1418527118,
			"profileurl": "http://steamcommunity.com/profiles/76561197996082809/",
			"avatar": "http://cdn.akamai.steamstatic.com/steamcommunity/public/images/avatars/3c/3cc0ada5efef0d9c50cad520601079c331ef32ea.jpg",
			"avatarmedium": "http://cdn.akamai.steamstatic.com/steamcommunity/public/images/avatars/3c/3cc0ada5efef0d9c50cad520601079c331ef32ea_medium.jpg",
			"avatarfull": "http://cdn.akamai.steamstatic.com/steamcommunity/public/images/avatars/3c/3cc0ada5efef0d9c50cad520601079c331ef32ea_full.jpg",
			"personastate": 0,
			"primaryclanid": "103582791433494691",
			"timecreated": 1201322365,
			"personastateflags": 0,
			"loccountrycode": "VA"
		},
		{
			"steamid": "76561198004439123",
			"communityvisibilitystate": 3,
			"profilestate": 1,
			"personaname": "Nukem",
			"lastlogoff": 1418616549,
			"profileurl": "http://steamcommunity.com/id/Nukem9/",
			"avatar": "http://cdn.akamai.steamstatic.com/steamcommunity/public/images/avatars/6a/6a37b087902f11ba7f7d2b13951be14796115e50.jpg",
			"avatarmedium": "http://cdn.akamai.steamstatic.com/steamcommunity/public/images/avatars/6a/6a37b087902f11ba7f7d2b13951be14796115e50_medium.jpg",
			"avatarfull": "http://cdn.akamai.steamstatic.com/steamcommunity/public/images/avatars/6a/6a37b087902f11ba7f7d2b13951be14796115e50_full.jpg",
			"personastate": 0,
			"primaryclanid": "103582791430893582",
			"timecreated": 1230348564,
			"personastateflags": 0,
			"loccountrycode": "US",
			"locstatecode": "NY"
		}
	]

}
